Summary_num,Macgregor_num_SL,new_line,new_station,Line,Station,Sta,Latitude,Longitude,Date,Year,Length (mm),WW (g),DW (g),Lipid (g),ppDDE_ppm_ww,opDDD_ppm_ww,opDDT_ppm_ww,ppDDD_ppm_ww,ppDDT_ppm_ww,tDDT_ppm_ww,A1254,Remove,NOTES,
519,1,86.51398,74.41636,,DSJ,,325412,1172348,700603,1970,44,0.7158,0.2511,0.1351,0.485,0.033,0.177,0.053,0.06,0.808,0.458,0,,
520,2,86.51398,74.41636,,DSJ,,325412,1172348,700603,1970,41,0.589,0.2102,0.1106,0.698,0.016,0.071,0.088,0.219,1.092,0.086,0,,
266,3,86.7,35,87,35,87.35,334615,1183539,510803,1951,48,1.1524,0.3948,0.1859,0.043,0,0.337,0.068,0.367,0.815,2.339,0,,
276,4,86.7,35,87,35,87.35,334615,1183539,550200,1955,49,1.2362,0.3815,0.1985,0.421,0.018,0.113,0.093,0.386,1.031,0.069,0,,
290,5,86.7,40,87,40,87.4,333615,1185622,570300,1957,54,1.4336,0.4479,0.2287,0.946,0.038,0.22,0.217,0.841,2.262,0,0,,
491,6,,,Pt. Dume II (502B),,,,,400516,1940,43,0.671,0.229,0.0825,0,0,0,0,0,0,0,0,,
372,7,90,45,90,45,90.45,325504,1185607,641009,1964,29,0.2398,0.0595,0.03,0.104,0,0.022,0.015,0.059,0.2,0.172,0,,
358,8,90,40,90,40,90.4,330504,1183534,620828,1962,42,0.7224,0.2909,0.1277,0.878,0.172,0.196,0.223,0.25,1.719,0,0,,
349,9,90,37,90,37,90.37,331104,1182313,531020,1953,47,1.0196,0.3247,0.1686,0.061,0,0.088,0.086,0.198,0.433,1.074,0,Starred in MacGregor's data,
263,10,86,46,86,46,86.46,333438,1192811,570400,1957,39,0.5136,0.1704,0.0907,1.394,0.035,0.519,0.343,1.18,3.471,0.623,0,Has star in MacGregor data,
326,11,90,28,90,28,90.28,332904,1174604,600108,1960,34,0.3899,0.1005,0.0507,0.545,0,0.356,0,1.774,2.319,3.644,0,Question mark near opDDT,
323,12,90,28,90,28,90.28,332904,1174604,540400,1954,35,0.4671,0.1368,0.0687,0.613,0.07,0.517,0.202,0.78,2.182,1.321,0,,
264,13,86.7,35,87,35,87.35,334615,1183539,500000,1950,47,0.9756,0.3088,0.1704,0.061,0,0.271,0.064,0.408,0.804,0,0,,
277,14,86.7,35,87,35,87.35,334615,1183539,550300,1955,50,0.8241,0.3221,0.1436,0.889,0.066,0.35,0.247,0.879,2.431,0.477,0,,
272,15,86.7,35,87,35,87.35,334615,1183539,540907,1954,48,0.9807,0.3459,0.1797,0.07,0.03,0.036,0.051,0.581,0.768,0,0,,
240,16,85,40,85,40,85.4,333615,1185622,541000,1954,48,1.1561,0.3601,0.1881,0.153,0.022,0.046,0.067,0.178,0.466,0.198,0,,
339,17,90,30,90,30,90.3,332504,1175420,620829,1962,46,0.9582,0.2909,0.15,0.614,0.046,0.059,0.16,0.288,1.167,0.262,0,,
350,18,90,37,90,37,90.37,331104,1182313,531020,1953,27,0.162,0.0461,0.0145,0.147,0.02,0.117,0.098,0.263,0.645,0.256,0,,
235,19,85,40,85,40,85.4,333615,1185622,530507,1953,53,1.3806,0.5008,0.2515,0.14,0.164,0.21,0.46,0.676,1.65,1.303,0,,
294,20,86.7,45,87,45,87.45,332615,1191702,540106,1954,48,1.07,0.3484,0.1486,0.111,0.071,0.114,0.121,0.356,0.773,0.272,0,,
332,21,90,30,90,30,90.3,332504,1175420,530505,1953,50,1.2463,0.4373,0.2231,0.1,0.072,0.254,0.303,0.597,1.326,0.356,0,,
333,22,90,30,90,30,90.3,332504,1175420,530505,1953,55,1.5222,0.4824,0.245,0.11,0.07,0.275,0.228,0.721,1.404,0,0,,
320,23,90,28,90,28,90.28,332904,1174604,520612,1952,56,1.7394,0.5239,0.266,0.051,0.106,0.094,0.269,0.273,0.793,0.366,0,,
280,24,86.7,36,87,36,87.36,334415,1183947,560200,1956,42,0.6908,0.2229,0.1058,0.99,0.11,0.361,0.32,1.245,3.026,0.265,0,,
273,25,86.7,35,87,35,87.35,334615,1183539,541200,1954,48,0.7837,0.3126,0.1435,1.107,0.086,0.299,0.145,0.639,2.276,1.274,0,,
279,26,86.7,35,87,35,87.35,334615,1183539,611020,1961,29,0.2887,0.0898,0.04,2.227,0.138,0.379,0.467,1.489,4.7,0.662,0,,
239,27,85,40,85,40,85.4,335702,1191017,540200,1954,47,1.0906,0.341,0.1763,0.285,0.028,0.166,0.155,0.595,1.229,0.969,0,,
274,28,86.7,35,87,35,87.35,334615,1183539,550100,1955,46,0.8848,0.279,0.1436,1.062,0,1.116,0.37,0.908,2.34,9.935,0,Question mark near opDDT,
275,29,86.7,35,87,35,87.35,334615,1183539,550100,1955,46,0.8266,0.2603,0.1349,0.443,0,0.654,0.053,0.154,0.65,7.252,0,Question mark near opDDT,
289,30,86.7,40,87,40,87.4,333615,1185622,551100,1955,53,1.548,0.5418,0.2686,0.181,0.022,0.033,0.065,0.22,0.521,0.286,0,,
282,31,86.7,40,87,40,87.4,333615,1185622,500000,1950,56,1.6588,0.6012,0.2919,0.06,0.021,0.388,0.051,0.603,1.123,0.448,0,,
270,32,86.7,35,87,35,87.35,334615,1183539,540300,1954,36,0.434,0.1305,0.0613,0.594,0.074,0.095,0.197,0.433,1.393,0.779,0,,
271,33,86.7,35,87,35,87.35,334615,1183539,540300,1954,37,0.4252,0.1281,0.0567,0.39,0.067,0.196,0.145,0.492,1.29,0.621,0,,
353,34,90,37,90,37,90.37,331104,1182313,630201,1963,30,0.2793,0.0674,0.0331,0.24,0,0.041,0.02,0.203,0.504,0.208,0,,
285,35,86.7,40,87,40,87.4,333615,1185622,510531,1951,56,1.7792,0.6201,0.3262,0.057,0,0.489,0.075,0.6,1.221,1.472,0,,
319,36,90,28,90,28,90.28,332904,1174604,520509,1952,23,0.1113,0.0232,0.0057,0.035,0,0.252,0,0.131,0.166,3.724,0,Question mark near opDDT,
363,37,90,45,90,45,90.45,325504,1185607,520123,1952,31,0.2203,0.0566,0.0212,0.061,0,0.13,0,0.192,0.383,1.067,0,,
330,38,90,30,90,30,90.3,332504,1175420,520906,1952,28,0.1726,0.0439,0.0174,0.035,0.007,0.094,0.041,0.105,0.282,0.979,0,,
329,39,90,30,90,30,90.3,332504,1175420,520708,1952,25,0.1462,0.0269,0.0084,0.081,0.209,0.199,0.386,0.378,1.253,1.857,0,,
345,40,90,37,90,37,90.37,331104,1182313,511204,1951,31,0.2546,0.0786,0.0321,0,0,0,0.024,0.097,0.121,0.769,0,,
346,41,90,37,90,37,90.37,331104,1182313,520402,1952,34,0.3658,0.1028,0.0447,0.028,0.021,0.088,0.05,0.207,0.394,0,0,,
227,42,83.3,70,83,70,83.7,331749,1212844,571024,1957,30,0.2156,0.0558,0.0223,0.065,0,0,0,0,0.065,1.208,0,,
338,43,90,30,90,30,90.3,332504,1175420,560200,1956,37,0.4287,0.1354,0.0642,0.269,0.01,0.041,0.105,0.292,0.717,0.672,0,,
28,45,56.7,55,57,55,57.55,381801,1233715,600124,1960,37,0.3855,0.1209,0.0557,0.284,0.014,0.049,0.04,0.263,0.65,0.063,0,,
331,46,90,30,90,30,90.3,332504,1175420,530408,1953,32,0.2872,0.0909,0.0421,0.128,0.07,0.015,0.261,0.21,0.684,0,0,,
196,47,83.3,40,83,40,83.4,331749,1192416,551100,1955,33,0.3116,0.1016,0.051,1.127,0.106,0.109,0.161,0.808,2.311,0.427,0,,
278,48,86.7,35,87,35,87.35,334615,1183539,580200,1958,28,0.1563,0.0335,0.0078,0.52,0,0.01,0.045,0.164,0.739,1.096,0,,
286,49,86.7,40,87,40,87.4,333615,1185622,540500,1954,35,0.359,0.1298,0.0611,0.433,0.014,0.196,0.081,0.306,1.03,0,0,,
265,50,86.7,35,87,35,87.35,334615,1183539,510100,1951,28,0.16,0.0514,0.0169,0.041,0.004,0.19,0.028,0.387,0.65,2.527,0,,
283,51,86.7,40,87,40,87.4,333615,1185622,510414,1951,65,2.5643,0.9196,0.414,0.045,0.01,0.134,0.084,0.242,0.515,0.726,0,,
316,52,86.7,65,87,65,87.65,324615,1203921,640818,1964,71,3.7085,1.3349,0.6869,0.407,0,0.027,0.038,0.105,0.577,0.218,0,,
287,53,86.7,40,87,40,87.4,333615,1185622,550300,1955,58,1.509,0.4792,0.239,0.125,0.015,0.063,0.07,0.193,0.466,0.102,0,,
288,54,86.7,40,87,40,87.4,333615,1185622,551000,1955,48,0.9599,0.3222,0.1668,0.232,0.01,0.042,0.036,0.113,0.433,0.187,0,,
284,55,86.7,40,87,40,87.4,333615,1185622,510512,1951,62,2.4133,0.8367,0.4293,0.055,0,0.146,0.12,0.33,0.651,0.818,0,,
384,56,90,53,90,53,90.53,323904,1192856,660723,1966,55,1.4746,0.4256,0.2495,0.427,0,0.012,0.053,0.093,0.585,0.227,0,,
406,57,90,90,90,90,90.9,312504,1215924,611025,1961,46,0.8309,0.2722,0.1342,0.195,0,0.03,0.031,0.064,0.32,0.153,0,,
317,58,86.7,80,87,80,87.8,361615,1214041,591010,1959,24,0.0965,0.0179,0.0034,0.089,0,0.005,0.004,0.03,0.128,0.427,0,,
407,59,90,90,90,90,90.9,312504,1215924,660623,1966,18,0.0449,0.0051,0.0004,0.041,0,0.011,0.012,0.036,0.1,0.073,0,,
404,60,90,70,90,70,90.7,320504,1203819,641009,1964,22,0.0628,0.0112,0.0004,0.016,0,0.006,0.002,0.013,0.037,0.114,0,,
281,61,86.7,36,87,36,87.36,334415,1183947,570300,1957,28,0.2224,3.189,0.022,0.381,0,0.082,0.081,0.228,0.772,0,0,,
269,62,86.7,35,87,35,87.35,334615,1183539,530500,1953,19,0.0462,0.0101,0.0017,0.142,0.009,0.029,0.031,0.088,0.299,0.236,0,,
267,63,86.7,35,87,35,87.35,334615,1183539,520700,1952,21,0.0707,0.0125,0.0024,0.279,0.058,0.232,0.221,0.677,1.467,0.865,0,,
268,64,86.7,35,87,35,87.35,334615,1183539,520700,1952,19,0.0514,0.0069,0.0004,0.135,0.016,0.024,0.031,0.061,0.267,0.098,0,,
309,65,86.7,60,87,60,87.6,325615,1201850,531112,1953,34,0.3611,0.1175,0.0509,0,0,0,0,0,0,0.025,0,,
315,66,86.7,60,87,60,87.6,325615,1201850,571100,1957,34,0.3055,0.088,0.042,0.361,0.027,0.01,0.093,0.029,0.52,0,0,,
313,67,86.7,60,87,60,87.6,325615,1201850,560100,1956,36,0.4461,0.1292,0.0613,0.015,0.007,0.007,0.027,0.038,0.094,0,0,,
311,68,86.7,60,87,60,87.6,325615,1201850,551100,1955,34,0.3036,0.0875,0.0436,0.122,0,0,0,0.076,0.198,0.484,0,,
312,69,86.7,60,87,60,87.6,325615,1201850,551100,1955,30,0.2168,0.0632,0.028,0.057,0,0,0,0.074,0.131,0.704,0,,
304,70,86.7,55,87,55,87.55,330615,1195817,561000,1956,29,0.2679,0.0638,0.0276,0.35,0.016,0.056,0.114,0.223,0.759,0.11,0,,
295,71,86.7,45,87,45,87.45,332615,1191702,561208,1956,37,0.479,0.137,0.0667,0.196,0.006,0.033,0.067,0.225,0.527,0.165,0,,
292,72,86.7,45,87,45,87.45,332615,1191702,520210,1952,33,0.281,0.0841,0.0347,0.112,0.172,0.197,0.289,0.504,1.274,1.356,0,,
303,73,86.7,55,87,55,87.55,330615,1195817,540200,1954,36,0.2988,0.1236,0.0526,0.056,0,0.012,0.036,0.162,0.266,0.28,0,,
301,74,86.7,55,87,55,87.55,330615,1195817,530829,1953,41,0.6373,0.1973,0.0982,0.039,0.005,0.028,0.056,0.158,0.286,0.197,0,,
297,75,86.7,45,87,45,87.45,332615,1191702,570700,1957,18,0.0609,0.0076,0.0001,0.125,0,0.071,0.038,0.344,0.578,1.239,0,,
291,76,86.7,40,87,40,87.4,333615,1185622,570400,1957,58,1.8087,0.5847,0.2129,1.218,0.066,0.282,0.378,0.985,2.929,0,0,,
310,78,86.7,60,87,60,87.6,325615,1201850,541000,1954,58,1.9486,0.5883,0.3071,0.101,0,0,0.138,0.185,0.424,0.229,0,,
308,79,86.7,60,87,60,87.6,325615,1201850,530517,1953,60,2.236,0.7054,0.3823,0.05,0.038,0.044,0.065,0.177,0.336,0,0,,
314,80,86.7,60,87,60,87.6,325615,1201850,561000,1956,50,1.2957,0.4358,0.2298,0.147,0.117,0.265,0.345,1.025,1.899,0.61,0,,
306,81,86.7,60,87,60,87.6,325615,1201850,520600,1952,71,3.2683,1.0213,,,,,,,,,1,Sample lost,
307,82,86.7,60,87,60,87.6,325615,1201850,520600,1952,42,0.7541,0.2025,0.1064,0.026,0,0.036,0.038,0.1,0.2,0,0,,
296,83,86.7,45,87,45,87.45,332615,1191702,561208,1956,55,1.3425,0.4387,0.2018,0.216,0.07,0.055,0.084,0.322,0.747,0,0,,
293,84,86.7,45,87,45,87.45,332615,1191702,520210,1952,51,1.1797,0.3836,0.1789,0.168,0,0.024,0.058,0.182,0.432,0.231,0,,
302,85,86.7,55,87,55,87.55,330615,1195817,530829,1953,61,2.1074,0.7059,0.3682,0.054,0.022,0.149,0.062,0.252,0.539,0.192,0,,
300,86,86.7,55,87,55,87.55,330615,1195817,520600,1952,70,3.2943,1.0158,0.5098,0.046,0,0.051,0.01,0.142,0.249,0.273,0,,
299,87,86.7,47.5,87,47.5,87.475,332215,1192518,550900,1955,64,2.4992,0.8331,0.4315,0.423,0.028,0.143,0.098,0.341,1.033,0,0,,
395,88,90,60,90,60,90.6,322504,1195733,540519,1954,40,0.5196,0.1661,0.0614,0.054,0,0.01,0,0.066,0.13,0.334,0,,
385,89,90,55,90,55,90.55,323504,1193707,540200,1954,27,0.1904,0.0479,0.019,0.081,0,0.028,0,0.121,0.23,0.82,0,,
337,90,90,30,90,30,90.3,332504,1175420,550900,1955,46,1.0215,0.3166,0.1235,0.349,0,0.128,0.106,0.369,0.952,0,0,,
388,91,90,55,90,55,90.55,323504,1193707,550900,1955,20,0.0714,0.0091,0.0002,0.017,0,0.039,0,0.086,0.142,0.432,0,,
393,92,90,60,90,60,90.6,322504,1195733,530200,1953,24,0.1081,0.0208,0.0049,0.24,0,0.126,0,0.318,0.684,2.715,0,,
334,93,90,30,90,30,90.3,332504,1175420,550200,1955,51,1.2212,0.3758,0.1478,0.6,0.025,0.109,0.068,0.367,1.169,0,0,,
335,94,90,30,90,30,90.3,332504,1175420,550200,1955,35,0.415,0.1259,0.0658,0.483,0.012,0.147,0.15,0.731,1.523,0.231,0,,
336,95,90,30,90,30,90.3,332504,1175420,550200,1955,35,0.363,0.1162,0.1409,0.085,0.002,0.018,0.015,0.061,0.181,0.055,1,"There are paraentheses around lipid, and the percentage is nearly double average",
387,96,90,55,90,55,90.55,323504,1193707,540800,1954,19,0.0492,0.0063,0,0,0,0,0,0,0,0.411,0,,
386,97,90,55,90,55,90.55,323504,1193707,540300,1954,38,0.3973,0.1116,0.055,0.043,0,0.017,0.014,0.047,0.121,0.82,0,,
382,98,90,53,90,53,90.53,323904,1192856,530211,1953,35,0.4213,0.1164,0.0583,0.032,0,0,0.08,0.171,0.283,0.27,0,,
383,99,90,53,90,53,90.53,323904,1192856,530211,1953,43,0.7052,0.2144,0.0856,0.048,0.01,0.095,0.15,0.205,0.508,0.207,0,,
355,100,90,39,90,39,90.39,330704,1183127,500000,1950,53,1.456,0.435,0.2055,0.038,0.013,0.153,0.032,0.138,0.374,0,0,,
305,101,86.7,57.5,87,57.5,87.575,330115,1200833,551100,1955,33,0.3767,0.1084,0.0573,0.505,0.023,0.103,0.133,0.382,1.146,0.151,0,,
324,102,90,28,90,28,90.28,332904,1174604,570300,1957,35,0.1831,0.0976,0.0417,1.205,0.057,0.253,0.326,1.05,2.891,0,0,Previously dried out in vials,
325,103,90,28,90,28,90.28,332904,1174604,570300,1957,34,0.1601,0.0905,0.0358,0.917,0.033,0.189,0.189,0.65,1.978,0.191,0,Previously dried out in vials,
367,104,90,45,90,45,90.45,325504,1185607,570400,1957,29,0.2498,0.0738,0.0311,0.104,0,0.048,0.068,0.13,0.35,0.086,0,,
390,105,90,55,90,55,90.55,323504,1193707,570400,1957,40,0.5363,0.2324,0.1404,0.013,0,0.145,0,0.033,0.191,0.07,0,The 0.145 value has a ? by it. Consider excluding. ,
427,106,90,35,90,35,93.35,324353,1175425,550700,1955,17,0.0418,0.0078,0.0013,0.004,0,0,0,0.015,0.019,0,0,Lipid is 0.0013 in raw data sheets,
370,107,90,45,90,45,90.45,325504,1185607,600811,1960,24,0.0958,0.0111,0.0001,0.007,0,0.002,0.001,0.005,0.015,0.015,0,,
362,108,90,45,90,45,90.45,325504,1185607,500508,1950,33,0.221,0.096,0.036,0.018,0,0.057,0,0.034,0.109,0.405,0,Previously dried out in vials,
318,109,90,100,90,100,90.1,310504,1223943,510000,1951,21,0.0575,0.008,0.0006,0.009,0,0.02,0,0.024,0.053,0.435,0,,
366,110,90,45,90,45,90.45,325504,1185607,560100,1956,35,0.4222,0.1343,0.0697,0.107,0,0.072,0.073,0.102,0.354,0,0,,
397,111,90,60,90,60,90.6,322504,1195733,560700,1956,51,1.2204,0.3921,0.1348,,,,,,,,1,Sample lost,
398,112,90,60,90,60,90.6,322504,1195733,561200,1956,29,0.1961,0.0618,0.0279,0.051,0,0.011,0.007,0.18,0.249,0.625,0,,
322,113,90,28,90,28,90.28,332904,1174604,540114,1954,46,0.9483,0.3261,0.1161,0.112,0.012,0.036,0.043,0.258,0.461,0,0,,
351,114,90,37,90,37,90.37,331104,1182313,550600,1955,45,0.6176,0.2955,0.1203,0.258,0,0.018,0.028,0.39,0.694,0.871,0,Previously dried out in vials,
403,115,90,70,90,70,90.7,320504,1203819,551200,1955,40,0.587,,,0.075,0,0,0,0.157,0.232,0,0,,
401,116,90,70,90,70,90.7,320504,1203819,540113,1954,35,0.3688,0.1122,0.0543,0.021,0,0.006,0.008,0.049,0.084,0.156,0,,
402,117,90,70,90,70,90.7,320504,1203819,540113,1954,38,0.49,0.1648,0.0734,0.049,0,0.014,0.013,0.127,0.203,0.449,0,,
343,118,90,37,90,37,90.37,331104,1182313,510000,1951,31,0.3158,0.1069,0.0459,0.02,0,0.056,0.011,0.115,0.202,0.23,0,,
327,119,90,30,90,30,90.3,332504,1175420,510000,1951,21,0.0866,0.0176,0.0021,0.026,0,0,0,0.009,0.035,1.436,0,,
328,120,90,30,90,30,90.3,332504,1175420,510000,1951,14,0.0499,0.0058,0.0014,0.002,0,0,0,0.005,0.007,0.653,0,,
341,121,90,35,90,35,90.35,331504,1181458,530506,1953,32,0.2813,0.0834,0.0394,0.086,0.037,0.118,0.264,0.327,0.832,0.068,0,,
342,122,90,35,90,35,90.35,331504,1181458,530506,1953,36,0.3989,0.1389,0.0701,0.124,0.068,0.171,0.329,0.41,1.102,0.232,0,,
405,123,90,80,90,80,90.8,314504,1211856,530100,1953,28,0.1541,0.0407,0.0183,0.012,0.003,0.042,0.035,0.158,0.25,0.129,0,,
400,124,90,70,90,70,90.7,320504,1203819,521013,1952,23,0.1023,0.017,0.0036,0.104,0,0.039,0,0.155,0.298,2.111,0,,
394,125,90,60,90,60,90.6,322504,1195733,530408,1953,41,0.6383,,,0.127,0,0.065,0,0.161,0.353,0.28,0,Lipid not measured,
238,126,85,40,85,40,85.4,335702,1191017,530800,1953,25,0.1442,,,0.196,0,0.077,0.038,0.231,0.542,0.599,0,Lipid not measured,
237,127,85,40,85,40,85.4,335702,1191017,530717,1953,38,0.4963,,,0.082,0.016,0.054,0.073,0.202,0.427,0.071,0,Lipid not measured,
233,128,85,39,85,39,85.39,335902,1190608,530700,1953,22,0.104,,,0.354,0.034,0.125,0.088,0.43,1.031,0.576,0,Lipid not measured,
236,129,85,40,85,40,85.4,335702,1191017,530700,1953,20,0.0688,,,0.029,0,0.016,0.005,0.026,0.076,0.212,0,Lipid not measured,
374,133,90,53,90,53,90.53,323904,1192856,500206,1950,39,0.4556,0.1403,0.0705,0.06,0,0.127,0.012,0.232,0.431,0.18,0,,
375,134,90,53,90,53,90.53,323904,1192856,500206,1950,39,0.4625,0.1501,0.0736,0.054,0,0.088,0.009,0.154,0.305,0.4,0,,
399,135,90,65,90,65,90.65,321504,1201757,530606,1953,37,0.3772,0.1448,0.0678,0.061,0,0,0.017,0.122,0.2,0.882,0,,
356,136,90,40,90,40,90.4,330504,1183534,540300,1954,41,0.4797,0.1738,0.0853,0.131,0,0.055,0.063,0.257,0.506,0.131,0,,
357,137,90,40,90,40,90.4,330504,1183534,540300,1954,34,0.252,0.0086,0.0346,0.099,0,0.049,0.085,0.199,0.432,0.294,0,,
391,138,90,60,90,60,90.6,322504,1195733,521110,1952,43,0.6384,0.1989,0.1018,0.029,0,0.064,0.037,0.227,0.357,0.082,0,,
347,139,90,37,90,37,90.37,331104,1182313,520402,1952,37,0.4024,0.1326,0.0649,0.102,0.051,0.392,0.191,0.696,1.432,0,0,,
348,140,90,37,90,37,90.37,331104,1182313,520402,1952,41,0.55,0.2203,0.0994,0.073,0.039,0.188,0.149,0.321,0.77,0,0,,
224,141,83.3,65,83,65,83.65,332749,1210806,590612,1959,19,0.0611,0.0067,,0.014,0,0.004,0,0.022,0.04,0.126,0,,
231,142,83.3,80,83,80,83.8,325749,1220954,641006,1964,22,0.1006,0.0123,0.0009,0.009,0,0,0,0.003,0.012,0.077,0,,
232,143,83.3,90,83,90,83.9,323749,1225055,640717,1964,21,0.074,0.0131,0.0031,0.038,0,0.006,0,0.025,0.069,0.138,0,,
222,144,83.3,60,83,60,83.6,333749,1204725,660620,1966,17,0.0501,0.0071,,0.034,0,0.004,0.005,0.019,0.062,0.089,0,,
228,145,83.3,75,83,75,83.75,330749,1214921,590611,1959,41,0.534,0.1962,0.0852,0.025,0,0,0.002,0.022,0.049,0.166,0,,
194,146,82,60,82,60,82.6,334812,1205435,640617,1964,21,0.0791,0.012,0.0017,0.02,0,0.003,0.002,0.018,0.043,0.081,0,,
202,147,83.3,55,83,55,83.55,334749,1202641,500716,1950,41,0.6299,0.2012,0.0871,0.067,0,0.009,0,0.066,0.142,1.079,0,,
221,148,83.3,60,83,60,83.6,333749,1204725,571000,1957,22,0.1171,0.0231,0.005,0.039,0.002,0.055,0.029,0.248,0.373,0.208,0,,
220,149,83.3,60,83,60,83.6,333749,1204725,570300,1957,33,0.3044,0.0884,0.039,0.043,0.009,0.09,0.013,0.145,0.3,0.152,0,,
209,150,83.3,55,83,55,83.55,334749,1202641,580600,1958,19,0.0546,0.0062,0,0.011,0,0.006,0,0.02,0.037,0.088,0,,
396,151,90,60,90,60,90.6,322504,1195733,550700,1955,67,2.638,0.8946,0.4262,0.064,0,0.029,0.032,0.11,0.235,0,0,,
365,152,90,45,90,45,90.45,325504,1185607,531021,1953,59,2.0796,0.7899,0.4854,0.286,0,0.42,0.253,1.045,2.004,0,0,,
380,153,90,53,90,53,90.53,323904,1192856,520000,1952,69,3.279,1.1269,0.6056,0.104,0,0.096,0.184,0.508,0.892,0,0,,
364,154,90,45,90,45,90.45,325504,1185607,520809,1952,45,0.9511,0.3078,0.1549,0.149,0.135,0.289,0.444,0.969,1.986,0,0,,
392,155,90,60,90,60,90.6,322504,1195733,521110,1952,71,3.8177,1.2849,0.6639,0.033,0.016,0.069,0.038,0.183,0.339,0.064,0,,
369,156,90,45,90,45,90.45,325504,1185607,590723,1959,65,2.7056,0.7501,0.3447,0.222,0.008,0.067,0.087,0.173,0.557,0.073,0,,
371,157,90,45,90,45,90.45,325504,1185607,600811,1960,70,3.355,1.1677,0.6079,0.651,0,0.162,0.086,0.715,1.614,0,0,,
352,158,90,37,90,37,90.37,331104,1182313,560200,1956,61,1.6688,0.6553,0.3355,0.543,0.05,0.125,0.153,0.47,1.341,0,0,,
389,159,90,55,90,55,90.55,323504,1193707,550900,1955,64,2.474,0.8283,0.3948,0.077,0,0.012,0.03,0.066,0.185,0,0,,
354,160,90,37.5,90,37.5,90.375,331004,1182516,550900,1955,55,2.116,0.7265,0.3487,0.556,0.027,0.102,0.122,0.396,1.203,0.189,0,,
359,161,90,42.5,90,42.5,90.425,330004,1184551,550917,1955,65,2.5497,0.8911,0.44,0.168,0,0.104,0.112,0.248,0.632,0.175,0,,
360,162,90,42.5,90,42.5,90.425,330004,1184551,550917,1955,45,0.805,0.2735,0.1355,0.318,0,0.059,0.076,0.323,0.776,0.351,0,,
373,163,90,51,90,51,90.51,324304,1192044,511003,1951,63,2.5669,0.8921,0.4251,0.118,0,0.088,0.058,0.243,0.507,0,0,,
344,164,90,37,90,37,90.37,331104,1182313,510000,1951,63,2.6742,0.9268,0.4697,0.067,0.015,0.228,0.052,0.351,0.713,0.061,0,,
361,165,90,45,90,45,90.45,325504,1185607,500000,1950,59,1.968,0.636,0.2975,0.049,0,0.119,0.008,0.236,0.412,0.11,0,,
381,166,90,53,90,53,90.53,323904,1192856,520511,1952,59,1.8238,0.6017,0.297,0.286,0,0.043,0.044,0.2,0.573,2.715,0,Starred in MacGregor's data - canNQt read the writing for his NQte though, 
340,167,90,34,90,34,90.34,,,560608,1956,60,2.184,0.7036,0.367,0.182,0.003,0.063,0.069,0.294,0.611,0,0,,
379,168,90,53,90,53,90.53,323904,1192856,510417,1951,68,3.0904,1.0653,0.5214,0,0,0,0,0,0,48.731,1,Question mark near A1254 and tDDT - consider excluding ,
223,169,83.3,60,83,60,83.6,333749,1204725,660620,1966,43,0.7887,0.2649,0.1307,0.467,0.01,0.022,0.069,0.107,0.675,0.067,0,,
211,170,83.3,60,83,60,83.6,333749,1204725,510413,1951,66,2.6405,0.907,0.4604,0,0,0,0,0,0,0,0,,
195,171,83.3,39,83,39,83.39,341949,1192005,560100,1956,55,1.5953,0.5581,0.2865,1.164,0,0.293,0.364,1.145,2.966,0,0,,
191,172,81,55,81,55,81.55,340836,1204058,640618,1964,43,0.7574,0.2435,0.1151,0.661,0,0.047,0.047,0.107,0.862,0.226,0,,
210,173,83.3,60,83,60,83.6,333749,1204725,500411,1950,64,2.5286,0.7718,0.5835,0,0,0,0,0,0,0,0,,
234,174,85,39,85,39,85.39,335902,1190608,541000,1954,58,1.9333,0.6027,0.3173,0.273,0,0.075,0.065,0.235,0.648,0.204,0,,
241,175,85,40,85,40,85.4,335702,1184929,541000,1954,62,2.3573,0.7241,0.3952,0.049,0.005,0.021,0.063,0.16,0.298,0.1,0,,
257,176,85,60,85,60,85.6,331702,1203306,510927,1951,28,0.1961,0.0504,0.0198,0.02,0,0.013,0.018,0.1,0.151,0.031,0,,
248,177,85,50,85,50,85.5,333702,1195146,520700,1952,22,0.0765,0.0147,0.0043,0.128,0,0.196,0.156,0.495,0.975,2.035,0,,
259,178,85,60,85,60,85.6,331702,1203306,521015,1952,21,0.0571,0.0078,0.0006,0.041,0,0.037,0.006,0.07,0.154,0.456,0,,
246,179,85,45,85,45,85.45,334702,1193103,540300,1954,37,0.4064,0.1348,0.0611,0.334,0.025,0.1,0.17,0.376,1.005,0,0,,
260,180,85,60,85,60,85.6,331702,1203306,540100,1954,40,0.5314,0.1987,0.0834,0,0,0,0,0,0,0,0,,
261,181,85,60,85,60,85.6,331702,1203306,540800,1954,27,0.1856,0.0498,0.0213,0.04,0,0.008,0.01,0.096,0.154,0.087,0,,
254,182,85,55,85,55,85.55,332702,1201227,540200,1954,31,0.2486,0.0785,0.0325,0.025,0,0.061,0.004,0.116,0.206,0.581,0,,
256,183,85,55,85,55,85.55,332702,1201227,540906,1954,19,0.0534,0.007,0.0008,0.032,0,0.033,0.008,0.074,0.147,0.134,0,,
253,184,85,55,85,55,85.55,332702,1201227,530915,1953,28,0.1972,0.0513,0.0205,0.058,0,0.019,0.028,0.134,0.239,0.07,0,,
249,185,85,50,85,50,85.5,333702,1195146,530412,1953,29,0.1786,0.0534,0.0195,0.079,0.043,0.111,0.129,0.182,0.544,0,0,,
199,188,83.3,51,83,51,83.51,335549,1201004,540516,1954,42,0.6363,0.2175,0.1107,0,0,0,0,0,0,0,0,,
207,189,83.3,55,83,55,83.55,334749,1202641,540300,1954,41,0.594,0.1954,0.093,0.025,0,0.011,0.023,0.072,0.131,0.152,0,,
216,190,83.3,60,83,60,83.6,333749,1204725,541200,1954,39,0.3718,0.1625,0.0813,0.075,,0.021,0.03,0.099,0.225,0.125,0,,
214,191,83.3,60,83,60,83.6,333749,1204725,540515,1954,39,0.4562,0.1922,0.076,0,0,0,0,0,0,0,1,Preservative? Fish soft and falls apart (what I think the note says),
201,192,83.3,52.5,83,52.5,83.525,335249,1201618,551100,1955,40,0.5457,0.1907,0.0903,0.073,0.002,0.018,0.03,0.131,0.254,0.038,0,,
218,193,83.3,60,83,60,83.6,333749,1204725,550400,1955,42,0.4788,0.213,0.0923,0.11,0,0.072,0.063,0.401,0.646,0.176,0,,
226,194,83.3,70,83,70,83.7,331749,1212844,570700,1957,19,0.045,0.0071,0.0011,0.027,0,0.018,0,0.083,0.128,0.352,0,,
197,195,83.3,43,83,43,83.43,341149,1193647,560100,1956,41,0.7006,0.2075,0.1011,0.245,0.015,0.048,0.101,0.214,0.623,0.312,0,,
192,196,82,47,82,47,82.47,341412,1200030,570500,1957,41,0.6322,0.0472,0.0915,0.32,0.027,0.079,0.105,0.305,0.836,0.236,0,,
490,197,83.3,55,83,55,83.55A,334749,1202641,551100,1955,28,0.1844,0.0443,0.0187,0,0,0,0,0,0,4.242,0,,
482,198,107,60,107,60,107.6,292824,1175912,550700,1955,39,0.5626,0.1587,0.0804,0.083,0,0.006,0.03,0.111,0.23,0.231,0,,
484,199,110,35,110,35,110.35,294713,1155949,540200,1954,33,0.2629,0.0758,0.0338,0.014,0,0.03,0.009,0.211,0.264,0.189,0,,
481,200,107,32,107,32,107.32,302424,1160750,531000,1953,27,0.1873,0.0472,0.0176,0.028,0,0.006,0.013,0.11,0.157,0.148,0,,
258,201,85,60,85,60,85.6,331702,1203306,510927,1951,50,1.211,0.431,0.2096,0.08,0,0.071,0.038,0.216,0.405,0,0,,
262,202,85,70,85,70,85.7,325702,1211415,520219,1952,64,2.3781,0.7791,0.3702,0.039,0.021,0.077,0.027,0.207,0.371,0,0,,
251,203,85,53,85,53,85.53,333102,1200411,640616,1964,68,3.4108,1.1123,0.5819,0.381,0,0.079,0.046,0.14,0.646,0,0,,
11,203,43.3,50,43,50,43.5,405330,1250152,500313,1950,65,2.4281,0.8193,0.4329,0,0,0,0,0,0,0,0,,
242,205,85,42.5,85,42.5,85.425,335202,1192040,550900,1955,50,1.1367,0.3904,0.202,0.396,0.01,0.093,0.105,0.331,0.935,0.164,0,,
243,206,85,42.5,85,42.5,85.425,335202,1192040,551100,1955,51,1.2513,0.4442,0.2291,0.143,0,0.038,0.055,0.164,0.4,0,0,,
250,207,85,52.5,85,52.5,85.525,335202,1192040,550900,1955,52,1.1828,0.4021,0.178,0.12,0,0.014,0.032,0.104,0.27,0.061,0,,
255,208,85,55,85,55,85.55,332702,1201227,540800,1954,46,1.0654,0.4139,0.17,0.208,0,0.032,0.067,0.147,0.454,0,0,,
244,209,85,45,85,45,85.45,334702,1193103,530412,1953,55,1.6123,0.478,0.2442,0.071,0.034,0.132,0.122,0.25,0.609,0,0,,
245,210,85,45,85,45,85.45,334702,1193103,531204,1953,47,0.9564,0.2965,0.1375,0.061,0,0.03,0.081,0.21,0.382,0,0,,
203,211,83.3,55,83,55,83.55,334749,1202641,530717,1953,45,0.7805,0.2526,0.1275,0.052,0,0.07,0.064,0.139,0.325,0,0,,
205,212,83.3,55,83,55,83.55,334749,1202641,531203,1953,50,1.1233,0.3364,0.166,0.028,0,0.026,0.048,0.156,0.258,0.544,0,,
204,213,83.3,55,83,55,83.55,334749,1202641,530915,1953,46,0.9817,0.3052,0.1568,0.043,0,0.026,0.048,0.136,0.253,0,0,,
212,214,83.3,60,83,60,83.6,333749,1204725,530416,1953,38,0.3732,0.1742,0.0675,0,0,0,0,0,0,0,0,,
213,215,83.3,60,83,60,83.6,333749,1204725,530514,1953,66,3.0976,1.0064,0.4916,0.023,0.012,0.037,0.021,0.062,0.155,0,0,,
208,216,83.3,55,83,55,83.55,334749,1202641,540700,1954,55,1.3987,0.51,0.2427,0.092,0,0.05,0.052,0.361,0.555,0,0,,
206,217,83.3,55,83,55,83.55,334749,1202641,540119,1954,45,0.8098,0.222,0.0778,0.061,0,0.084,0.059,0.209,0.413,0,0,,
215,218,83.3,60,83,60,83.6,333749,1204725,540905,1954,50,1.2365,0.4115,0.1924,0.041,0,0.099,0.026,0.247,0.413,0.829,0,,
200,219,83.3,51,83,51,83.51,335549,1201004,551100,1955,58,1.8214,0.5983,0.2955,0.068,0,0,0,0.157,0.225,0.809,0,,
217,220,83.3,60,83,60,83.6,333749,1204725,550300,1955,62,2.273,0.8099,0.3906,0.118,0,0.032,0.017,0.179,0.346,0.409,0,,
219,221,83.3,60,83,60,83.6,333749,1204725,551100,1955,53,1.3749,0.4529,0.2009,0.047,0,0.009,0.021,0.061,0.138,0,0,,
225,222,83.3,70,83,70,83.7,331749,1212844,550400,1955,55,1.4029,0.4796,0.2285,0.116,0.008,0.022,0.047,0.142,0.335,0.155,0,,
193,223,82,47,82,47,82.47,341412,1200030,570500,1957,42,0.7758,0.2257,0.1059,0.316,0.036,0.051,0.153,0.271,0.827,0,0,,
198,224,83.3,43,83,43,83.43,341149,1194647,560100,1956,46,0.9972,0.3252,0.1616,0.437,0.022,0.12,0.158,0.431,1.168,0.221,0,,
483,225,107,60,107,60,107.6,292824,1175912,550700,1955,55,1.3718,0.4863,0.0181,0.019,0,0.005,0.004,0.051,0.079,0.189,0,Notes sample brittle (?) Hard to read… ,
421,226,93.3,30,93,30,93.3,325354,1173354,540609,1954,40,0.5298,0.1771,0.0824,0.358,0.01,0.135,0.104,0.316,0.923,0.071,0,,
422,227,93.3,30,93,30,93.3,325354,1173354,541200,1954,34,0.3357,0.0967,0.0468,0.202,0,0.065,0.074,0.153,0.494,0.203,0,,
426,228,93.3,35,93,35,93.35,324353,1175425,540400,1954,39,0.4632,0.1518,0.069,0.081,0,0.029,0.034,0.104,0.248,0.188,0,,
446,229,93.3,60,93,60,93.6,315354,1193624,540114,1954,35,0.347,0.1196,0.0531,0.05,0,0.052,0.034,0.233,0.369,0.36,0,,
447,230,93.3,60,93,60,93.6,315354,1193624,540114,1954,36,0.3248,0.1149,0.0502,0.038,0,0.031,0.02,0.08,0.169,0.382,0,,
467,231,100,30,100,30,100.3,314109,1164636,540500,1954,38,0.4953,0.1372,0.0527,0.081,0,0.016,0.024,0.041,0.162,0.24,0,,
468,232,100,30,100,30,100.3,314109,1164636,540500,1954,36,0.4076,0.1185,0.0454,0.057,0,0.013,0.018,0.047,0.135,0.128,0,,
469,233,100,30,100,30,100.3,314109,1164636,541200,1954,26,0.1575,0.0347,0.0103,0.078,0,0.025,0.004,0.172,0.279,0.713,0,,
479,234,100,80,100,80,100.8,300109,1200722,540100,1954,29,0.1413,0.0269,0.0009,0,0,0.02,0.002,0.028,0.05,0.343,0,,
455,235,96.7,32,97,32,97.32,320819,1171457,540200,1954,31,0.2393,0.0772,0.0347,0.064,0,0.028,0.017,0.121,0.23,0.385,0,,
457,236,96.7,40,97,40,97.4,315219,1174729,541000,1954,29,0.1895,0.0489,0.0204,0.057,0,0.072,0,0.292,0.421,0.943,0,,
102,237,70,70,70,70,70.7,353255,1230424,540800,1954,37,0.4716,0.1619,0.0639,0,0,0,0,0,0,0,1,Mushy - consider removing ,
71,238,66.7,55,67,55,67.55,363406,1222240,540800,1954,22,0.0966,0.0131,0.0023,0.062,0,0.01,0,0.072,0.144,0.805,0,,
187,239,80,80,80,80,80.8,332900,1223200,540700,1954,21,0.0633,0.0072,0.0006,0.003,0,0,0.001,0.018,0.022,0.02,0,,
185,240,80,80,80,80,80.8,332900,1223200,540110,1954,32,0.294,0.1072,0.0419,0.035,0,0.003,0.016,0.049,0.103,0.07,0,,
186,241,80,80,80,80,80.8,332900,1223200,540110,1954,38,0.5514,0.1994,0.0772,0.029,0,0.015,0.021,0.073,0.138,0.133,0,,
160,242,80,60,80,60,80.6,340900,1210900,541200,1954,33,0.3121,0.0933,0.0509,0.06,0,0.003,0.028,0.061,0.152,0.169,0,,
159,243,80,60,80,60,80.6,340900,1210900,540300,1954,51,1.2255,0.5201,0.1773,0.056,0.009,0.05,0.064,0.129,0.308,0.06,0,,
149,244,80,55,80,55,80.55,341900,1204808,540500,1954,34,0.354,0.1136,0.0456,0,0,0,0,0/.015,0,0,0,,
45,245,60,70,60,70,60.7,371650,1241956,540800,1954,21,0.0746,0.01,0.0019,0.006,0,0,0.003,0.031,0.04,0.111,0,,
368,246,90,45,90,45,90.45,325504,1185607,570700,1957,17,0.0418,0.0048,0.0005,0.005,0,0.002,0.0002,0.005,0.0122,0.051,0,,
443,247,93.3,50,93,50,93.5,321353,1185543,551100,1955,28,0.172,0.0445,0.0189,0,0,0,0,0.129,0.129,0,0,,
433,248,93.3,40,93,40,93.4,323354,1181453,550200,1955,35,0.4377,0.1311,0.0662,0.071,0,0.04,0.051,0.217,0.379,0.487,0,,
434,249,93.3,40,93,40,93.4,323354,1181453,550200,1955,36,0.3899,0.116,0.0601,0.05,0,0.052,0.038,0.233,0.373,0.487,0,,
428,250,93.3,35,93,35,93.35,324353,1175425,650125,1965,33,0.3071,0.0802,0.041,0,0,0,0,0,0,0,0,,
420,251,93.3,30,93,30,93.3,325354,1173354,540400,1954,53,1.1899,0.4126,0.1928,0.178,0.023,0.109,0.116,0.208,0.634,0,0,,
448,252,93.3,60,93,60,93.6,315354,1193624,540200,1954,53,1.1636,0.3872,0.1919,0.098,0,0.111,0.126,0.253,0.588,0.243,0,,
88,253,70,55,70,55,70.55,360255,1220037,540500,1954,46,0.6315,0.2641,0.1118,0,0,0,0,0,0,0,1,Mushy - consider removing ,
106,254,70,80,70,80,70.8,351255,1234642,540800,1954,47,0.8452,0.2738,0.1416,0.006,0,0.003,0.005,0.028,0.042,0.056,0,,
101,255,70,70,70,70,70.7,353255,1230424,540400,1954,60,2.0512,0.6891,0.3374,0.013,0,0,0.002,0.018,0.033,0.123,0,,
103,256,70,70,70,70,70.7,353255,1230424,540902,1954,50,1.0589,0.3935,0.1559,0,0,0,0,0,0,0,1,Mushy - consider removing ,
150,257,80,55,80,55,80.55,341900,1204808,540800,1954,59,1.9696,0.7657,0.3128,0.113,0,0,0.021,0.212,0.346,0.386,0,,
145,258,80,51,80,51,80.51,342700,1203126,540600,1954,47,1.0138,0.3471,0.1661,0.023,0,0,0.01,0.062,0.095,0.098,0,,
32,259,60,55,60,55,60.55,374650,1231441,540710,1954,47,0.8285,0.271,0.097,0,0,0,0,0,0,0,1,Mushy - consider removing ,
46,260,60,70,60,70,60.7,371650,1241956,540831,1954,46,0.9962,0.3529,0.1545,0.034,0,0.021,0.002,0.066,0.123,0.264,0,,
53,261,60,80,60,80,60.8,365650,1250311,540400,1954,53,1.4394,0.474,0.1761,0.088,0,0.024,0.008,0.082,0.202,0.697,0,,
486,262,113.3,45,113,45,113.45,285618,1161730,540430,1954,55,1.5998,0.5442,0.2391,0.113,0.012,0.053,0.072,0.17,0.42,0.09,0,,
518,263,63.71811,118.2032,,,,350300,1211900,571116,1957,58,1.8918,0.5973,0.2619,0.163,0,0.026,0.048,0.123,0.36,0,0,,
517,264,88.35367,73.29307,,,,322600,1170730,551117,1955,27,0.1697,0.0424,0.0168,0.14,0,0.032,0.141,0.525,0.838,0.463,0,,
515,265,72.35067,99.74708,,,,341500,1195800,551111,1955,55,1.55,0.529,0.2545,0.245,0,0.036,0.082,0.221,0.584,0,0,,
516,266,70.62546,108.3215,,,,341630,1202430,551111,1955,47,1.0458,0.3669,0.18,0,0,0,0,0,0.584,0,0,,
511,267,56.34603,126.5096,,,,360300,1220200,550830,1955,55,1.9016,0.5601,0.2591,0.818,0,0,0.108,0.07,0.996,0,0,,
512,268,56.34603,126.5096,,,,360300,1220200,550830,1955,62,2.3144,0.7461,0.3358,0.155,0,0,0.041,0.074,0.27,0,0,,
415,269,93.3,30,93,30,93.3,325354,1173354,510908,1951,48,1.0252,0.3244,0.1194,0.02,0,0.008,0.011,0.051,0.09,0.117,0,,
416,270,93.3,30,93,30,93.3,325354,1173354,520513,1952,47,0.9045,0.296,0.1397,0.061,0.008,0.077,0.126,0.234,0.506,0.071,0,,
429,271,93.3,40,93,40,93.4,323354,1181453,520612,1952,46,0.8536,0.2789,0.1384,0.076,0,0.07,0.059,0.282,0.487,0,0,,
97,273,70,60,70,60,70.6,355255,1222156,660616,1966,76,4.731,1.6262,0.8911,0.476,0,0,0.062,0.078,0.616,0.383,0,,
439,272,93.3,50,93,50,93.5,321353,1185543,520611,1952,43,0.6629,0.2025,0.0981,1.091,0,0.07,0.229,0.295,1.685,0.156,0,,
121,274,73.3,60,73,60,73.6,352144,1215953,660715,1966,64,2.5608,0.8407,0.4198,0.238,0,0,0.003,0.008,0.249,0.417,0,,
122,275,73.3,60,73,60,73.6,352144,1215953,660715,1966,59,2.0028,0.7087,0.39,0.258,0,0,0.045,0.035,0.338,0.175,0,,
487,276,113.3,45,113,45,113.45,285603,1161921,540430,1954,38,0.4786,0.1794,0.084,0.06,0.022,0.004,0.048,0.096,0.23,0.09,0,,
510,277,109.084,76.52105,,,,285618,1161730,540430,1954,40,0.5358,0.193,0.0878,0.097,0.029,0.04,0.069,0.13,0.365,0.187,0,,
513,278,86.52904,75.57411,,,,325000,1173130,551108,1955,37,0.4706,0.1436,0.0636,0.089,0,0,0.046,0.113,0.248,0.277,0,,
514,279,86.52904,75.57411,,,,325000,1173130,551108,1955,25,0.1374,0.0325,0.0101,0.118,0,0.011,0.025,0.118,0.272,0.266,0,,
409,280,93.3,26.7,93,27,93.27,325600,1171900,521012,1952,43,0.5673,0.211,0.0839,0.093,0.078,0.117,0.242,0.352,0.882,0,0,,
146,281,80,55,80,55,80.55,341900,1204808,510731,1951,22,0.085,0.0194,0.0027,0.055,0,0.003,0.015,0.144,0.217,0.929,0,,
155,282,80,60,80,60,80.6,340900,1210900,521015,1952,35,0.3725,0.1148,0.0507,0.114,0.051,0.099,0.176,0.233,0.673,0,0,,
156,283,80,60,80,60,80.6,340900,1210900,530204,1953,34,0.3174,0.0973,0.0468,0.061,0.045,0.103,0.151,0.27,0.63,0,0,,
157,284,80,60,80,60,80.6,340900,1210900,530204,1953,38,0.4926,0.1458,0.0722,0.036,0.045,0.087,0.16,0.175,0.503,0,0,,
152,291,80,55,80,55,80.55,341900,1204808,571118,1957,29,0.2051,0.054,0.0204,0.237,0.093,0.032,0.37,0.275,1.007,0,0,,
153,292,80,55,80,55,80.55,341900,1204808,571118,1957,29,0.2047,0.053,0.019,0.187,0,0.015,0.035,0.107,0.344,0,0,,
162,293,80,60,80,60,80.6,340900,1210900,580210,1958,27,0.174,0.0366,0.0149,0.115,0.054,0.173,0.367,0.737,1.446,0.117,0,,
408,294,93.3,26.7,93,27,93.27,325600,1171900,520513,1952,38,0.4448,0.1533,0.0688,0.056,0.03,0.155,0.153,0.357,0.751,0.089,0,,
417,295,93.3,30,93,30,93.3,325354,1173354,520513,1952,35,0.3258,0.0928,0.0422,0.087,0.055,0.11,0.153,0.302,0.707,0.196,0,,
123,301,73.3,60,73,60,73.6,352144,1215953,660715,1966,22,0.0606,0.0083,0.0012,0.02,0.003,0.002,0.003,0.009,0.037,0.028,0,,
85,302,70,53,70,53,70.53,360655,1215205,660616,1966,17.5,0.0569,0.005,0.0005,0.002,0,0,0.001,0.003,0.006,0,0,,
124,303,73.3,70,73,70,73.7,350144,1224205,660716,1966,20,0.0589,0.0066,0,0.001,0.001,0.002,0.001,0.003,0.008,0.006,0,,
475,304,100,35,100,35,100.35,313109,1170651,660628,1966,19.5,0.047,0.0049,,0.004,0.001,0.003,0.001,0.011,0.02,0.031,0,,
164,305,80,60,80,60,80.6,340900,1210900,660718,1966,23,0.0898,0.0155,0.0036,0.356,0,0.018,0.027,0.041,0.442,0.331,0,,
12,305,43.3,50,43,50,43.5,405330,1250152,520714,1952,70,3.667,1.1736,0.6548,0.007,0,0.012,0.001,0.029,0.049,0.102,0,,
52,306,60,70,60,70,60.7,371650,1241956,660710,1966,21.5,0.0558,0.0032,0.0006,0.06,0,0,0.005,0.03,0.095,0.379,0,,
62,307,63.3,60,63,60,63.6,370540,1231360,660614,1966,33,0.4006,0.1173,0.0405,0.125,0.018,0,0.012,0.011,0.166,0,0,,
51,308,60,70,60,70,60.7,371650,1241956,650111,1965,30,0.2075,0.0466,0.0176,0.072,0,0,0.009,0.039,0.12,0.085,0,,
39,309,60,60,60,60,60.6,373650,1233629,650110,1965,38,0.4828,0.1488,0.0736,0.176,0,0.013,0.018,0.06,0.267,0.071,0,,
473,310,100,30,100,30,100.3,314109,1164636,650130,1965,35,0.4171,0.1263,0.0596,0.113,0,0,0.008,0.099,0.22,0.175,0,,
485,311,113.3,35,113,35,113.35,291603,1153954,640727,1964,23.5,0.0681,0.0195,0.0043,0.054,0,0.01,0,0.024,0.088,0.108,0,,
521,312,80.47666,87.22319,,,,331600,1183800,720412,1972,40,0.6207,0.1991,0.1101,0.18,0,0,0.043,0.029,0.252,0,0,Fresh sample,
522,313,80.52814,87.25571,,,,331500,1183800,720412,1972,42,0.8089,0.3285,0.2314,0.325,0.01,0.014,0.053,0.04,0.442,0.091,0,Fresh sample,
523,314,80.52814,87.25571,,,,331500,1183800,720412,1972,51,1.495,,,,,,,,,,1,Sample appears lost - consider removing. Was a fresh sample. ,
78,315,70,100,70,100,70.1,343255,1251046,611014,1961,21,0.0872,0.0119,0.0018,0.026,0,0.006,0.002,0.016,0.05,0.036,0,,
112,316,73.3,53,73,53,73.53,353544,1213014,620113,1962,32,0.2829,0.1242,0.0685,0.224,0,0.012,0.035,0.084,0.355,0.24,0,,
113,317,73.3,53,73,53,73.53,353544,1213014,620113,1962,34,0.3384,0.1602,0.0835,0.121,0,0.015,0.019,0.034,0.189,0.155,0,,
411,318,93.3,28,93,28,93.28,325754,1172541,610422,1961,34,0.2327,0.1078,0.0349,0.808,0,0.052,0.101,0.283,1.244,0.33,0,,
425,319,93.3,30,93,30,93.3,325354,1173354,640410,1964,31,0.2212,0.0562,0.0221,1.886,0.037,0.112,0.127,0.272,2.434,0.118,0,,
178,320,80,70,80,70,80.7,334859,1215035,641004,1964,30.5,0.212,0.0664,0.0274,0.089,0,0,0,0.124,0.213,0.208,0,,
444,321,93.3,50,93,50,93.5,321353,1185543,611021,1961,25,0.1216,0.0227,0.0068,0.119,0,0.003,0.019,0.181,0.322,1.184,0,,
127,322,76,63,76,63,76.63,371700,1242100,640121,1964,34,0.2819,0.0875,0.042,0.165,0,0.033,0.061,0.144,0.403,0.065,0,,
55,323,60,80,60,80,60.8,365650,1250311,600926,1960,21.5,0.0602,0.0086,,0.014,0,0.004,0.001,0.015,0.034,0.146,0,,
54,324,60,80,60,80,60.8,365650,1250311,600123,1960,26,0.1745,0.0354,0.012,0.079,0,0.006,0.006,0.045,0.136,0.214,0,,
189,325,80,80,80,80,80.8,332900,1223200,600923,1960,24.5,0.1045,0.0252,0.0076,0.138,0,0.03,0.037,0.179,0.384,0.213,0,,
414,326,93.3,28,93,28,93.28,325754,1172541,640410,1964,50,1.097,0.3494,0.1804,1.101,0,0.112,0.115,0.248,1.576,0,0,,
135,327,76.7,55,77,55,77.55,345010,1210943,640423,1964,76,4.2813,1.3089,0.7024,0.334,0,0.031,0.039,0.111,0.515,0,0,,
144,328,79,60,79,60,79.6,341923,1211613,640117,1964,56,1.7805,0.5652,0.294,0.239,0,0.005,0.025,0.035,0.304,0.131,0,,
424,329,93.3,30,93,30,93.3,325354,1173354,600718,1960,63,2.4776,0.773,0.4125,0.301,0,0.061,0.059,0.251,0.672,0,0,,
50,330,60,70,60,70,60.7,371650,1241956,640428,1964,55,1.5306,0.5288,0.2624,0.148,0,0.002,0.022,0.127,0.299,0.168,0,,
143,331,79,53,79,53,79.53,343323,1204657,640621,1964,47,1.0522,0.348,0.1781,0.206,0.005,0.006,0.026,0.027,0.27,0.053,0,,
126,332,76,57,76,57,76.57,,,640122,1964,77,4.6154,1.506,0.7813,0.523,0,0.006,0.03,0.111,0.67,0.374,0,,
524,333,,,,,,,,720412,1972,50,1.0442,0.3269,0.1617,0.289,0.006,0.005,0.042,0.036,0.378,0.02,0,,
90,334,70,55,70,55,70.55,360255,1220037,590719,1959,52,1.4444,0.4799,0.2407,0.082,0.015,0.011,0.015,0.069,0.192,0.051,0,,
412,335,93.3,28,93,28,93.28,325754,1172541,620414,1962,59,1.7689,0.5595,0.2835,0.941,0.018,0.053,0.103,0.367,1.482,0.07,0,,
168,336,80,65,80,65,80.65,335900,1212948,620317,1962,29,0.2521,0.0609,0.0254,0.064,0,0,0.005,0.046,0.115,0.467,0,,
96,337,70,60,70,60,70.6,355255,1222156,611016,1961,51,1.1328,0.3923,0.2028,0.165,0.005,0.018,0.023,0.086,0.297,0,0,,
163,338,80,60,80,60,80.6,340900,1210900,590613,1959,68,2.8568,1.0117,0.5095,0.076,0,0.003,0.017,0.058,0.154,0.241,0,,
138,339,76.7,60,77,60,77.6,344010,1213043,570512,1957,46,0.8361,0.3596,0.1414,0.125,0.005,0,0.037,0.093,0.26,0.182,0,,
76,340,66.7,85,67,85,67.85,353406,1243040,590721,1959,47,0.9862,0.2712,0.1362,0.052,0,0,0.014,0.025,0.091,0.071,0,,
190,341,80,90,80,90,80.9,330900,1231315,590815,1959,52,1.5015,0.5717,0.2665,0.142,0.008,0.062,0.028,0.172,0.412,0.033,0,,
435,342,93.3,40,93,40,93.4,323354,1181453,570400,1957,57,1.7809,0.5286,0.2755,0.211,0.031,0.085,0.091,0.346,0.764,0,0,,
132,343,76.7,55,77,55,77.55,345010,1210943,590717,1959,42,0.8062,0.2395,0.1164,0.353,0.013,0.068,0.048,0.164,0.646,0.16,0,,
161,344,80,60,80,60,80.6,340900,1210900,570300,1957,60,1.9499,0.6217,0.317,0.116,0.01,0.065,0.079,0.117,0.387,0,0,,
83,345,70,52,70,52,70.52,360830,1215000,590719,1959,53,1.543,0.4712,0.219,0.106,0.004,0.003,0.014,0.057,0.184,0.105,0,,
111,346,73.3,51,73,51,73.51,353944,1212145,571117,1957,59,1.7989,0.5841,0.3032,0.085,0,0.017,0.034,0.081,0.217,0,0,,
175,347,80,70,80,70,80.7,334859,1215035,570300,1957,48,0.8905,0.274,0.1382,0.121,0,0.017,0.039,0.118,0.295,0,0,,
3,348,40,45,40,45,40.45,413300,1250000,560500,1956,50,1.0211,0.3652,0.1506,0,0,0,0,0,0,0,0,,
2,349,40,40,40,40,40.4,414312,1243748,560500,1956,53,1.501,0.4881,0.2542,0,0,0,0,0,0,0,0,,
470,350,100,30,100,30,100.3,314109,1164636,560100,1956,52,1.3801,0.4301,0.2235,0.071,0,0.021,0.045,0.11,0.247,0,0,,
136,351,76.7,57,77,57,77.57,345000,1212130,620316,1962,45,0.9068,0.2861,0.142,0.121,0,0.012,0.016,0.101,0.25,0.137,0,,
167,353,80,65,80,65,80.65,335900,1212948,610400,1961,49,1.0046,0.342,0.1646,0.099,0,0.014,0.017,0.085,0.215,0.104,0,,
460,353,96.7,50,97,50,97.5,313219,1182800,610425,1961,34,0.344,0.1036,0.0449,0.244,0,0.037,0.053,0.197,0.531,0,0,,
61,354,63.3,60,63,60,63.6,370540,1231360,630119,1963,37.5,0.4298,0.1584,0.0468,0.092,0,0,0.001,0.02,0.113,0.337,0,,
413,355,93.3,28,93,28,93.28,325754,1172541,630203,1963,39,0.5004,0.1542,0.0714,0.399,0,0.097,0.072,0.26,0.828,0.128,0,,
177,356,80,70,80,70,80.7,334859,1215035,620114,1962,38,0.4749,0.1339,0.0605,0.149,0,0.018,0.032,0.1,0.299,0.285,0,,
49,357,60,70,60,70,60.7,371650,1241956,611018,1961,34.5,0.3363,0.1002,0.0474,0.126,0,0.024,0.032,0.117,0.299,0.268,0,,
134,358,76.7,55,77,55,77.55,345010,1210943,620113,1962,37,0.3471,0.0981,0.0384,0.223,0,0,0.017,0.058,0.298,1.305,0,,
108,359,70,80,70,80,70.8,351255,1234642,630117,1963,33,0.2962,0.1001,0.0348,0.097,0,0.021,0.022,0.057,0.197,0.226,0,,
60,360,63.3,60,63,60,63.6,370540,1231356,600925,1960,27,0.1802,0.043,0.0164,0.147,0,0.011,0.044,0.133,0.335,0.197,0,,
91,361,70,55,70,55,70.55,360255,1220037,600924,1960,31,0.2674,0.067,0.0288,0.388,0,0.044,0.071,0.206,0.709,0.233,0,,
166,362,80,65,80,65,80.65,335900,1212948,600922,1960,21,0.2117,0.0341,0.0048,0.045,0,0.005,0.003,0.051,0.104,0.061,0,"Three specimens - 20, 21, 22 mm",
59,363,63.3,60,63,60,63.6,370540,1231356,600211,1960,30,0.2197,0.0694,0.0304,0.119,0,0.01,0.021,0.12,0.27,0.32,0,,
95,364,70,60,70,60,70.6,335255,1222156,600924,1960,29,0.2108,0.0564,0.025,0.5,0,0,0.063,0.17,0.733,1.163,0,,
133,365,76.7,55,77,55,77.55,345010,1210943,601010,1960,26,0.1399,0.0263,0.0087,0.307,0,0.022,0.024,0.084,0.437,0.258,0,,
252,366,85,55,85,55,85.55,332702,1201227,530210,1953,35,0.3855,0.1239,0.0508,0.082,0.026,0.083,0.126,0.229,0.546,0.423,0,,
84,367,70,53,70,53,70.53,360655,1215205,600925,1960,28,0.2036,0.0469,0.0191,0.333,0,0.033,0.043,0.224,0.633,0.282,0,,
81,368,70,51,70,51,70.51,361055,1214333,600119,1960,39,0.5005,0.1479,0.0696,0.268,0.013,0.069,0.051,0.232,0.633,0,0,,
25,369,53.3,60,53,60,53.6,384935,1242944,600420,1960,35,0.5286,0.1542,0.0147,0.024,0,0.001,0,0.033,0.058,0.188,1,May be different species,
24,370,53.3,60,53,60,53.6,384935,1242944,600127,1960,35,0.3656,0.1104,0.0514,0.192,0,0.081,0.044,0.179,0.496,0,0,,
8,371,40,60,40,60,40.6,410441,1261105,600204,1960,34,0.316,0.0335,0.0008,0.009,0,0.0002,0,0.0006,0.0098,0.011,0,,
22,372,53.3,55,53,55,53.55,385935,1240733,600128,1960,35,0.3864,0.1152,0.0562,0.125,0.011,0.015,0.024,0.124,0.299,0,0,,
10,373,40,70,40,70,40.7,404441,1265645,600203,1960,29,0.1803,0.041,0.017,0.073,0,0.008,0.023,0.141,0.245,1.117,0,,
48,374,60,70,60,70,60.7,371650,1241956,591022,1959,32,0.2994,0.0871,0.0402,0.096,0,0,0.009,0.082,0.187,0.414,0,,
472,375,100,30,100,30,100.3,314109,1164636,590407,1959,31,0.2664,0.0619,0.0236,0.063,0,0.005,0.02,0.048,0.136,0.197,0,,
82,376,70,52,70,52,70.52,360830,1215000,560500,1956,60,1.9686,0.6961,0.3487,0.121,0,0.015,0.044,0.101,0.281,0.175,0,,
131,377,76.7,55,77,55,77.55,345010,1210943,560700,1956,66,2.8431,0.9319,0.4713,0.211,0.016,0.066,0.084,0.246,0.623,0.041,0,,
21,378,53.3,55,53,55,53.55,385935,1240733,560600,1956,58,1.9779,0.6626,0.3514,0.028,0.002,0.002,0.011,0.038,0.081,0.087,0,,
423,379,93.3,30,93,30,93.3,325354,1173354,561210,1956,53,1.6854,0.5554,0.2735,0.1,0,0.01,0.026,0.114,0.25,0.307,0,,
141,380,76.7,80,77,80,77.8,340010,1225414,560500,1956,68,3.278,1.1092,0.5028,0.147,0.018,0,0.049,0.194,0.408,0.399,0,,
94,381,70,60,70,60,70.6,355255,1222156,550700,1955,62,2.2072,0.709,0.3526,0.039,0.01,0,0.016,0.089,0.154,0.102,0,,
79,382,70,50,70,50,70.5,361255,1213916,550700,1955,46,1.0446,0.3841,0.1638,0.035,0,0,0.01,0.088,0.133,0.104,0,,
151,383,80,55,80,55,80.55,341900,1204808,550200,1955,54,1.5351,0.4294,0.2256,0.055,0.009,0.016,0.03,0.084,0.194,0.071,0,,
458,384,96.7,40,97,40,97.4,315219,1174729,550300,1955,64,2.4073,0.7881,0.4243,0.184,0.014,0.086,0.1,0.297,0.681,0.15,0,,
419,385,93.3,30,93,30,93.3,325354,1173354,530726,1953,58,1.7671,0.5638,0.289,0.024,0.009,0.027,0.029,0.063,0.152,0.043,0,,
173,386,80,70,80,70,80.7,334859,1215035,530205,1953,61,2.2842,0.6929,0.3474,0.016,0.008,0.013,0.035,0.068,0.14,0.031,0,,
140,387,76.7,65,77,65,77.65,343010,1215139,550700,1955,63,2.5604,0.864,0.4612,0.072,0,0.017,0.038,0.122,0.249,0,0,,
70,388,66.7,55,67,55,67.55,363406,1222240,530613,1953,58,2.0362,0.6575,0.3415,0.038,0.004,0.011,0.029,0.151,0.233,0.1,0,,
418,389,93.3,30,93,30,93.3,325354,1173354,530407,1953,60,2.2292,0.6484,0.3351,0.067,0.037,0.111,0.18,0.281,0.676,0,0,,
474,390,100,35,100,35,100.35,313109,1170651,530816,1953,77,4.4783,1.3603,0.6668,0,0,0,0,0,0,0,0,,
105,391,70,80,70,80,70.8,351255,1234642,530820,1953,47,0.939,0.3423,0.1795,0.005,0,0,0,0,0.005,1.381,0,,
130,392,76.7,55,77,55,77.55,345010,1210943,530714,1953,52,1.3427,0.4616,0.2344,0.037,0.013,0.012,0.034,0.049,0.145,0.179,0,,
115,393,73.3,55,73,55,73.55,353144,1213843,530503,1953,51,1.109,0.3464,0.1783,0.029,0.014,0.026,0.05,0.067,0.186,0.05,0,,
120,394,73.3,60,73,60,73.6,352144,1215953,530610,1953,50,1.0831,0.3713,0.1729,0.041,0.022,0.027,0.138,0.056,0.284,0.248,0,,
450,395,96.7,30,97,30,97.3,321219,1170649,530606,1953,50,1.2325,0.3536,0.2066,0.14,0.063,0.091,0.146,0.233,0.673,0.033,0,,
165,396,80,65,80,65,80.65,335900,1212948,530000,1953,61,2.4661,0.8454,0.4238,0.031,0.047,0.022,0.062,0.04,0.202,0.045,0,,
17,397,50,50,50,50,50.5,394046,1240806,520600,1952,56,1.5682,0.5568,0.2888,0.007,0,0.003,0.007,0.015,0.025,0.05,0,,
154,398,80,60,80,60,80.6,340900,1210900,520305,1952,52,1.2565,0.3815,0.1927,0,0,0,0,0,0,0,0,,
137,399,76.7,60,77,60,77.6,344010,1213043,520700,1952,64,2.6577,0.8942,0.4571,0.026,0.002,0.017,0.017,0.049,0.111,0,0,,
20,400,50,70,50,70,50.7,390046,1253720,510712,1951,57,1.7053,0.6132,0.2715,0,0,0,0,0.017,0.017,0.018,0,,
34,401,60,55,60,55,60.55,374650,1231441,600123,1960,41,0.5896,0.1827,0.0913,0.183,0.023,0.111,0.033,0.256,0.472,0,0,opDDD and opDDT have ? By the estimates ,
107,402,70,80,70,80,70.8,351255,1234642,591018,1959,21,0.0742,0.0102,0.0017,0.053,0,0,0.008,0.036,0.097,0.277,0,,
176,403,80,70,80,70,80.7,334859,1215035,590815,1959,27,0.1725,0.0424,0.0171,0.082,0,0.002,0.015,0.086,0.185,0.225,0,,
65,404,63.3,80,63,80,63.8,362540,1244003,591021,1959,34,0.3213,0.0937,0.0444,0.068,0,0.012,0.014,0.051,0.145,0.128,0,,
14,405,43.3,70,43,70,43.7,401330,1263242,591025,1959,23,0.0826,0.0124,0.0019,0.01,0,0.001,0,0.019,0.03,0.084,0,,
29,405,56.7,64,57,64,57.64,380400,1242000,500000,1950,20.33,0.1954,0.0362,0.0066,0.023,0,0.007,0,0.029,0.059,0.314,0,"Three specimens - 19 , 20 , 22 mm",
142,406,76.7,80,77,80,77.8,340010,1225414,590614,1959,20,0.0709,0.0091,0.0003,0.006,0,0.001,0.002,0.011,0.02,0.171,0,,
26,406,55,60,55,60,55.6,382848,1241425,500216,1950,67,2.9232,0.927,0.4384,0.001,0,0.001,0,0.009,0.011,0.035,0,,
6,407,40,50,40,50,40.5,412441,1252512,560600,1956,33,0.3052,0.0891,0.0341,0,0,0,0,0,0,0,0,,
5,407,40,50,40,50,40.5,412441,1252512,510814,1951,60,2.1264,0.9301,0.3423,0.016,0,0.002,0.008,0.023,0.049,0.111,0,,
4,408,40,45,40,45,40.45,413300,1250000,560600,1956,37,0.4635,0.1479,0.0645,0.072,0,0,0.025,0.058,0.155,0,0,,
452,408,96.7,32,97,32,97.32,320819,1171457,510122,1951,62,2.1695,0.7003,0.3609,0.026,0,0.032,0.021,0.058,0.137,0.436,0,,
27,409,56.7,55,57,55,57.55,381801,1233715,560600,1956,23.67,0.3027,0.0495,0.0085,0.021,0,0,0.005,0.01,0.036,0.07,0,"Three specimens - 25, 23, 23 mm",
58,409,63.3,57,63,57,63.57,370900,1225900,510403,1951,63,2.3195,0.9217,0.2866,0,0,0,0,0,0,0.917,0,,
33,410,60,55,60,55,60.55,374650,1231441,560600,1956,35,0.3965,0.1234,0.0523,0.065,0,0,0,0.011,0.076,0.082,0,,
75,411,66.7,65,67,65,67.65,361406,1230531,560500,1956,41,0.6875,0.2115,0.0999,0.031,0,0,0.001,0.034,0.066,0.103,0,,
72,412,66.7,55,67,55,67.55,363406,1222240,560700,1956,20,0.0657,0.0082,0.0011,0.02,0,0.003,0,0.021,0.044,0.148,0,,
89,413,70,55,70,55,70.55,360255,1220737,560500,1956,37,0.4398,0.1358,0.0566,0.011,0,0,0.004,0.157,0.172,0.027,0,,
125,414,73.3,80,73,80,73.8,343300,1232200,560700,1956,27.5,0.3807,0.0942,0.0385,0.022,0,0,0.008,0.026,0.056,0.099,0,Two specimens - 29 and 26 mm,
174,415,80,70,80,70,80.7,334859,1215035,560906,1956,35,0.3619,0.1025,0.0525,0.089,0,0,0.053,0.123,0.265,0.166,0,,
188,416,80,80,80,80,80.8,332900,1223200,561000,1956,36,0.4238,0.1231,0.0582,0.033,0,0.008,0.012,0.071,0.124,0.022,0,,
471,417,100,30,100,30,100.3,314109,1164636,560100,1956,37,0.5068,0.1825,0.0898,0.059,0,0.018,0.026,0.19,0.293,0.177,0,,
410,418,93.3,26.7,93,27,93.27,325600,1171900,560700,1956,20,0.07,0.0117,0.0016,0.046,0,0.004,0.002,0.051,0.103,0.415,0,,
445,419,93.3,55,93,55,93.55,320000,1191330,561000,1956,23,0.1133,0.0242,0.0072,0.039,0,0,0,0.023,0.062,0.305,0,,
449,420,96.7,100,97,100,97.1,295219,1214827,560516,1956,19,0.0494,0.0063,0,0.004,0,0.008,0,0.018,0.03,0.086,0,,
13,421,43.3,50,43,50,43.5,405330,1250152,580700,1958,20,0.0818,0.0115,0.0015,0.038,0,0,0.013,0.123,0.174,2.186,0,,
66,422,66.7,100,67,10,67.1,350406,1253404,580715,1958,19.5,0.139,0.016,0.0008,0.016,0,0.003,0,0.036,0.055,0.215,0,Two specimens - 20 and 19 mm,
456,423,96.7,32,97,32,97.32,320819,1171457,550500,1955,33,0.3794,0.102,0.05,0.037,0,0.01,0.013,0.092,0.152,0.131,0,,
459,424,96.7,45,97,45,97.45,314600,1180830,550700,1955,19,0.0523,0.0053,0,0.002,0,0.001,0,0.003,0.006,0.021,0,,
47,425,60,70,60,70,60.7,371650,1241956,550600,1955,43,0.7018,0.2451,0.1111,0.022,0,0,0,0.038,0.06,0.049,0,,
118,426,73.3,60,73,60,73.6,352144,1215953,530415,1953,34,0.3049,0.0865,0.0408,0.038,0,0,0.034,0.072,0.144,0.571,0,,
119,427,73.3,60,73,60,73.6,352144,1215953,530415,1953,33,0.2343,0.0733,0.0363,0.031,0,0.028,0.051,0.142,0.252,0.293,0,,
148,428,80,55,80,55,80.55,341900,1204808,530415,1953,34,0.3072,0.0973,0.0416,0.007,0,0,0,0,0.007,1.231,0,,
432,429,93.3,40,93,40,93.4,323354,1181453,530000,1953,23,0.0885,0.019,0.0038,0.014,0,0.01,0.003,0.029,0.056,0.073,0,,
454,430,96.7,32,97,32,97.32,320819,1171457,530225,1953,32,0.231,0.0705,0.0322,0.027,0 ?,0,0.017,0.122,0.166,0.438,0,,
436,431,93.3,45,93,45,93.45,322354,1183519,530408,1953,40,0.5216,0.1656,0.0691,0.036,0,0,0,0.013,0.049,0.682,0,,
437,432,93.3,45,93,45,93.45,322354,1183519,530408,1953,19,0.1583,0.0383,0.0134,0.005,0,0,0,0.038,0.043,0.18,0,,
158,433,80,60,80,60,80.6,340900,1210900,530716,1953,46,0.8537,0.2711,0.0639,0.017,0,0,0,0.004,0.021,0.08,1,Mushy - consider removing ,
67,434,66.7,53,67,53,67.53,363806,1221404,530712,1953,46,0.8949,0.2342,0.131,0.01,0.003,0.005,0.012,0.028,0.058,0.115,0,,
69,435,66.7,55,67,55,67.55,363406,1222240,530518,1953,39,0.5162,0.1639,0.1476,0.011,0,0.003,0.005,0.021,0.04,0.095,0,,
80,436,70,51,70,51,70.51,361055,1214333,530709,1953,48,0.8779,0.2788,0.1241,0.036,0,0.043,0.006,0.078,0.12,0.211,0,Has ? By opDDT,
466,437,100,30,100,30,100.3,314109,1164636,520808,1952,21.5,0.2498,0.0496,0.0076,0.034,0,0.031,0.011,0.189,0.265,0.346,0,"Four specimens - 20, 21, 22, and 23",
480,438,103.3,40,103,40,103.4,304958,1170643,520810,1952,20,0.0975,0.0144,0.0004,0.02,0,0.017,0.007,0.053,0.097,0.254,0,Two specimens - 20 and 20 mm,
453,439,96.7,32,97,32,97.32,320819,1171457,520705,1952,42,0.6843,0.2173,0.1119,0.027,0,0.078,0.013,0.178,0.218,1.157,0,Has ? By opDDT,
183,440,80,80,80,80,80.8,332900,1223200,520210,1952,34,0.3528,0.1017,0.0496,0.028,0,0,0,0.056,0.084,0.19,0,,
147,441,80,55,80,55,80.55,341900,1204808,520000,1952,25.5,0.2815,0.0671,0.0235,0.031,0.009,0.04,0.045,0.124,0.249,0.078,0,Two specimens - 23 and 28 mm,
172,442,80,70,80,70,80.7,334859,1215035,520812,1952,27,0.3562,0.0959,0.0314,0.017,0,0,0,0.003,0.02,0.336,0,Two specimens - 27 and 27 mm,
129,443,76.7,55,77,55,77.55,345010,1210943,520404,1952,46,0.7786,0.2473,0.1527,0,0,0,0,0,0,0,0,,
114,444,73.3,55,73,55,73.55,345010,1210943,520518,1952,44,0.8418,0.2673,0.1373,0.006,0,0,0,0.018,0.024,0.215,0,,
116,445,73.3,60,73,60,73.6,352144,1215953,520517,1952,51,1.2846,0.4079,0.2,0.026,0,0,0,0.005,0.031,0.317,0,,
93,446,70,60,70,60,70.6,355255,1222156,521020,1952,32,0.2603,0.082,0.0333,0.011,0,0,0,0,0.011,0.909,0,,
104,447,70,80,70,80,70.8,351255,1234642,520519,1952,34,0.2697,0.0844,0.0356,0.007,0,0,0,0.068,0.075,0.417,0,,
100,448,70,70,70,70,70.7,353255,1230424,520518,1952,41,0.6001,0.2127,0.0907,0,0,0,0,0,0,0.641,0,,
68,449,66.7,55,67,55,67.55,363406,1222240,521020,1952,35,0.4364,0.1323,0.0615,0.014,0,0,0,0,0.014,0.368,0,,
74,450,66.7,65,67,65,67.65,361406,1230531,521020,1952,35,0.3796,0.1208,0.0587,0.02,0.019,0.002,0.028,0.039,0.108,0.113,0,,
18,457,50,55,50,55,50.55,393046,1243029,500000,1950,33,0.2865,0.0829,0.0324,0.005,0,0,0,0.007,0.012,0.102,0,,
19,458,50,55,50,55,50.55,393046,1243029,500308,1950,30,0.2245,0.0647,0.0306,0.022,0,0,0,0.005,0.027,0.583,0,,
476,461,100,40,100,40,100.4,312109,1172702,510000,1951,19,0.0477,0.0069,0,0.002,0,0.007,0.001,0.027,0.036,0.04,0,Was originally <0.001 for opDDT,
478,462,100,60,100,60,100.6,304030,1184730,510000,1951,20,0.1282,0.0226,0.0015,SAMPLE,LOS0,,,,0,,1,Sample lost. Two specimens - 19 and 21 mm,
73,463,66.7,65,67,65,67.65,361406,1230531,511128,1951,35,0.3172,0.0991,0.0428,0.013,0,0.003,0,0.019,0.035,0.144,0,,
64,464,63.3,67,63,67,63.67,364900,1234300,510608,1951,36,0.3931,0.1418,0.0594,0.006,0,0,0,0.003,0.009,0.067,0,,
16,466,50,120,50,120,50.12,372046,1291646,500310,1950,27,0.3493,0.0718,0.0285,0.019,0,0,0,0,0.019,0.281,0,Two specimens - 29 and 25 mm,
9,467,40,70,40,70,40.7,404441,1265645,500000,1950,21,0.0717,0.012,0.0008,0.001,0,0.004,0.002,0.02,0.027,0.19,0,,
461,468,96.7,70,97,70,97.7,305219,1194836,510712,1951,20,0.0599,0.0137,0.0024,0.02,0,0.014,0,0.1,0.134,0.351,0,,
477,469,100,50,100,50,100.5,310109,1180720,510810,1951,20,0.2998,0.0527,0.0036,0.01,0,0.002,0.002,0.01,0.024,0.157,0,"Four specimens - 20 , 21, 22, 22 mm",
465,470,100,30,100,30,100.3,314109,1164636,511005,1951,25,0.1723,0.0444,0.0176,0.065,0,0.007,0.005,0.082,0.159,1.004,0,,
87,471,70,55,70,55,70.55,360255,1220037,510614,1951,33,0.2612,0.0867,0.0279,0.073,0,0,0,0.007,0.08,0.878,0,,
77,472,70,100,70,100,70.1,343255,1251046,510708,1951,20,0.1101,0.0193,0.0022,0.02,0,0,0,0.03,0.05,0.54,0,Two specimens - 20 and 20 mm,
171,473,80,70,80,70,80.7,334859,1215035,511104,1951,23,0.0894,0.0166,0.0025,0.038,0,0,0,0.035,0.073,0.669,0,,
179,474,80,80,80,80,80.8,332900,1223200,510000,1951,22,0.1654,0.0257,0.0048,0.021,0,0.004,0,0.019,0.044,0.144,0,Two specimens - 20 and 24 mm,
488,475,123,40,123,40,123.4,272207,1145334,510530,1951,18,0.0363,0.0055,0.0008,0.034,0,0.01,0.002,0.026,0.072,0.305,0,,
117,476,73.3,60,73,60,73.6,352144,1215953,521200,1952,23,0.2187,0.0533,0.0151,0.017,0,0.003,0.006,0.017,0.043,0.07,0,Two specimens - 22 and 24 mm,
23,477,53.3,60,53,60,53.6,384935,1242944,520712,1952,21,0.0787,0.0167,0.0032,0.032,0,0,0.006,0.046,0.084,0.757,0,,
99,478,70,70,70,70,70.7,353255,1230424,510805,1951,21,0.0779,0.0153,0.0018,0.027,0,0.045,0.007,0.105,0.184,0.594,0,,
92,479,70,60,70,60,70.6,355255,1222156,510613,1951,18,0.0524,0.0053,0.0005,0.002,0,0.006,0.001,0.016,0.025,0.108,0,,
56,480,61,55,61,55,61.55,373627,1230712,500000,1950,37,0.4573,0.1865,0.0838,0.045,0,0.024,0,0.049,0.118,0.015,1,Mushy - consider removing ,
462,481,100,30,100,30,100.3,314109,1164636,500315,1950,42,0.669,0.2149,0.1075,0.008,0,0.035,0.012,0.078,0.133,0.217,0,,
463,482,100,30,100,30,100.3,314109,1164636,500315,1950,36,0.4047,0.1346,0.0683,0.01,0,0.053,0.015,0.101,0.126,0.294,0,Question mark near opDDT,
464,483,100,30,100,30,100.3,314109,1164636,500315,1950,33,0.2664,0.076,0.0351,0.008,0,0.042,0.013,0.068,0.089,0.231,0,Question mark near opDDT,
38,484,60,60,60,60,60.6,373650,1233629,521120,1952,39,0.5182,,,0.007,0,0,0,0.016,0.023,0.114,0,Lipid Not measured,
451,485,96.7,32,97,32,97.32,320819,1171457,510122,1951,41,0.5854,,,0.025,0,0.022,0.01,0.119,0.176,0.263,0,Lipid Not measured,
57,486,63.3,57,63,57,63.57,370900,1225900,510403,1951,40,0.6288,,,0,0,0,0,0,0,1.044,0,Lipid Not measured,
43,487,60,70,60,70,60.7,371650,1241956,521019,1952,34,0.3152,,,0.011,0,0.002,0.008,0.022,0.043,0.092,0,Lipid Not measured,
44,488,60,70,60,70,60.7,371650,1241956,521019,1952,50,1.2086,,,0.011,0,0.005,0.008,0.012,0.036,0.048,0,Lipid Not measured,
40,489,60,65,60,65,60.65,372650,1235814,520700,1952,44,0.8701,,,0.007,0,0.003,0.006,0.022,0.038,0.077,0,Lipid Not measured,
63,490,63.3,65,63,65,63.65,365540,1233532,520500,1952,52,1.2346,,,0.01,0.008,0.011,0.018,0.023,0.07,0,0,Lipid Not measured,
15,491,46.7,55,47,55,47.55,400156,1245335,500000,1950,57,1.5051,,,0.005,0,0,0,0.008,0.013,0.099,0,Lipid Not measured,
498,492,79.2718,97.68386,,,,330200,1191500,410629,1941,37,0.3288,0.1142,0.0402,0,0,0,0,0,0,0,0,,
493,493,83.55055,92.16079,,,,324630,1185800,400306,1940,23.5,0.0989,0.0184,0.0013,0.0026,0,0.0012,0.0009,0.0056,0.0103,0.016,0,,
496,494,77.08359,99.36409,,,,333430,1193600,400327,1940,32,0.2776,0.0632,0.0147,0.01,0,0.007,0.004,0.046,0.067,0.056,0,,
497,495,80.7957,84.36543,,,,332000,1181700,410329,1941,45,0.4114,0.1281,0.0472,0,0,0,0,0,0,0,1,Dirty preservative - conside removing,
494,496,76.98838,99.34882,,,,333600,1193630,400326,1940,51,0.8964,0.3117,0.1572,0,0,0,0,0,0,0,0,,
495,497,76.98838,99.34882,,,,333600,1193630,400326,1940,34,0.2823,0.0994,0.0449,0,0,0,0,0,0,0.038,0,Has ? By A1254,
525,498,80.52814,87.25571,,,,331500,1183800,720412,1972,51,1.2771,0.4065,0.2158,0.296,0,0,0.032,0.025,0.353,0,0,,
504,499,84.98995,91.97145,,,,322200,1185000,490916,1949,27/24,0.2819,0.0794,0.0249,0.006,0,0.007,0,0.035,0.048,0.081,0,,
500,500,84.06945,148.9545,,,,304800,1223800,490201,1949,34,0.2947,0.0841,0.0408,0.022,0,0.018,0.003,0.091,0.134,0.076,0,,
128,501,76.7,55,77,55,77.55,345010,1210943,511112,1951,46,1.1198,0.368,0.184,0.03,0,0.053,0.027,0.108,0.218,0.086,0,,
86,502,70,55,70,55,70.55,360255,1220737,500000,1950,47,0.9249,0.3168,0.1641,0,0,0,0,0,0,0,0,,
98,504,70,70,70,70,70.7,353255,1230424,501019,1950,69,3.6394,1.3037,0.6651,0,0,0,0,0,0,0,0,,
139,510,76.7,65,77,65,77.65,343010,1215139,510804,1951,55,1.4227,0.5579,0.2204,0.018,?,0,0.023,0.06,0.101,0.188,1,,
7,511,40,60,40,60,40.6,410441,1261105,510718,1951,53,1.5247,0.4419,0.2249,0.017,0,0.006,0.014,0.019,0.056,0.138,0,,
438,512,93.3,50,93,50,93.5,321353,1185543,510707,1951,57,2.0287,0.6579,0.3277,0,0,0,0,0,0,0,0,,
37,513,60,60,60,60,60.6,373650,1233629,510502,1951,60,2.0318,0.675,0.2385,0.011,0,0.036,0,0.034,0.045,0.962,0,Has ? By opDDT,
526,514,80.52814,87.25571,,,,331500,1183800,720412,1972,52,1.4365,0.4405,0.2227,0.375,0,0.003,0.04,0.033,0.451,0.138,0,,
492,515,81.16538,85.95451,,,SB Passage,330830,1182630,510507,1951,65,2.4735,0.7663,0.3198,0.017,0,0.013,0,0.014,0.044,0.464,0,,
489,516,,,,,701,,,491116,1949,56,1.661,0.5404,0.2906,0.005,0,0.008,0,0.026,0.039,0.246,0,,
499,526,86.98189,76.13104,,,,324030,1173300,480510,1948,43,0.6702,0.2123,0.1034,0.008,0,0.031,0.003,0.079,0.121,0.12,0,,
506,527,10.2805,177.7732,,,,423000,1264800,491010,1949,"31,29",0.4154,0.1234,0.0594,0.004,0,0,0,0.009,0.013,0.033,0,,
501,528,58.83838,144.387,,,,350024,1232000,490307,1949,42,0.6448,0.244,0.1149,0.01,0,0,0.002,0.013,0.025,0.203,0,,
509,529,13.39675,158.5806,,,,424000,1250000,491123,1949,48,1.1363,0.3484,0.1799,0.004,0,0,0,0.013,0.017,0.048,0,,
527,530,,,,,H-8-600,,,,,27.5,0.3246,0.0893,0.0388,0.021,0,0,0,0.007,0.028,0.25,0,Two individuals - 27 and 28 mm,
502,531,,,,,C-3-605,,,490510,1949,37,0.4743,0.1558,0.0794,0.004,0,0,0,0.014,0.018,0.067,0,,
528,532,,,,,H-6-601,,,,,25,0.1297,0.0343,0.0093,0.011,0,0,0,0.013,0.024,0.203,0,,
508,533,,,,,D-9-406,,,491113,1949,20.67,0.179,0.0234,0.0017,0.002,0,0.001,0,0.006,0.009,0.089,0,"Three individuals - 20,21,21 mm",
529,534,,,,,D-8-401,,,,,23.33,0.3096,0.0869,0.0249,0.01,0,0,0,0.005,0.005,0.077,0,"Three individuals - 20, 21, 29 mm. Has ? By ppDDE",
505,535,,,,,B-8-401A,,,491005,1949,42,0.6555,0.2282,0.1135,0,0,0,0,0.012,0.012,0.06,0,,
530,536,,,,,H-1-801,,,,,39,0.4674,0.1266,0.0775,0.009,0,0.003,0.003,0.028,0.043,0.177,0,,
503,537,,,,,H-6-701,,,490816,1949,45,0.7952,0.2523,0.1433,0,0,0,0,0,0,0,0,,
507,538,,,,,D-8-302,,,491011,1949,20,0.0661,0.0068,0.0001,0,0,0.052,0,0.055,0.055,1.662,0,Has ? By opDDT,
377,130-132,90,53,90,53,90.53,323904,1192856,510000,1951,17.67,0.0868,0.0188,0.0018,0.012,0,0.006,0,0.036,0.054,0.252,0,"3 individuals - 19, 19, 15 mm",
"229, 230","186, 187",83.3,80,83,80,83.8,325749,1220954,530000,1953,19,0.1002,0.0135,0.0013,0.004,0,0.008,0.003,0.016,0.031,0.062,0,Two individuals - 19 mm and 19 mm,
247_rep1,204_rep1,85,45,85,45,85.45,334702,1193103,540300,1954,50,1.0349,0.3601,0.1642,0.248,0.038,0.73,0.079,0.404,0.842,0,0,,
247_rep2,204_rep2,85,45,85,45,85.45,334702,1193103,540300,1954,50,1.0349,0.3601,0.1642,0.214,0.007,0.116,0.114,0.273,0.724,0.118,0,,
"169, 170","285, 286",80,70,80,70,80.7,334859,1215035,510000,1951,27.5,0.3543,0.0998,0.0357,0.018,0,0,0.013,0.034,0.065,0.541,0,Two specimens - 29 and 26 mm,
180-181,"287, 288",80,80,80,80,80.8,332900,1223200,"510616, 510701",1951,18.5,0.1016,0.0146,0,0.02,0,0.01,0.005,0.038,0.073,0.299,0,Two specimens - 17 and 20 mm,
"182, 184","289, 290",80,80,80,80,80.8,332900,1223200,"520000, 520608",1952,18,0.085,0.0107,0.0001,0.005,0,0.001,0.003,0.012,0.021,0.053,0,Two specimens - 17 and 19 mm,
"430, 431","296, 297, 298",93.3,40,93,40,93.4,323354,1181453,520612,1952,26,0.2833,0.0646,0.0228,0.055,0.01,0.073,0.076,0.186,0.4,0.066,0,Two specimens - 24 and 28 mm,
"440, 441, 442","298, 299, 300",93.3,50,93,50,93.5,321353,1185543,520611,1952,20.33,0.1656,0.0265,0.0025,0.022,0.026,0.03,0.165,0.151,0.394,0.029,0,"Three specimens - 22, 20, and 19 mm",
321_rep1,44_rep1,90,28,90,28,90.28,332904,1174604,531020,1953,41,0.5452,0.1693,0.0761,0.106,0,0,0.014,0.252,0,1.004,0,,
321_rep2,44_rep2,90,28,90,28,90.28,332904,1174604,531020,1953,41,0.5452,0.1693,0.0761,0.085,0,0.013,0.1,0.386,0,1.04,0,,
"41, 42","451, 452",60,70,60,70,60.7,371650,1241956,"511102, 511107",1951,26,0.2728,,0.0282,0.038,0,0.006,0,0.025,0.069,0.388,0,Two specimens - 27 and 25 mm,
"30, 31","453, 454",60,100,60,100,60.1,361650,1262908,"510711, 511107",1951,22,0.166,0.036,0.0072,0.056,0,0.007,0.011,0.073,0.147,1.784,0,Two specimens - 22 and 22 mm,
"35, 36","455, 456",60,60,60,60,60.6,373650,1233629,510000,1951,22,0.1712,0.0358,0.0061,0.024,0,0.004,0,0.02,0.048,0.426,0,Two specimens - 22 and 22 mm,
"109, 110","459, 460",70,90,70,90,70.9,345255,1242849,"500000, 511107",1950,21,0.1323,0.0235,0.0006,0.01,0,0.006,0.003,0.022,0.041,0.696,0,Two specimens - 20 and 12 mm,
298_rep1,77_rep1,86.7,45,87,45,87.45,332615,1191702,660808,1966,65,3.0294,0.9425,0.486,1.43,0.02,0.06,0.108,0.321,0,0.385,0,,
298_rep2,77_rep2,86.7,45,87,45,87.45,332615,1191702,660808,1966,65,3.0294,0.9425,0.486,0.948,0.013,0.037,0.068,0.211,0,0.254,0,,